School Name,State,region,Starting Median Salary,Mid-Career Median Salary,Mid-Career 10th Percentile Salary,Mid-Career 25th Percentile Salary,Mid-Career 75th Percentile Salary,Mid-Career 90th Percentile Salary
Stanford University,California,California,70400.00,"$129,000.00 ","$68,400.00 ","$93,100.00 ","$184,000.00 ","$257,000.00 "
California Institute of Technology (CIT),California,California,75500.00,"$123,000.00 ",N/A,"$104,000.00 ","$161,000.00 ",N/A
Harvey Mudd College,California,California,71800.00,"$122,000.00 ",N/A,"$96,000.00 ","$180,000.00 ",N/A
"University of California, Berkeley",California,California,59900.00,"$112,000.00 ","$59,500.00 ","$81,000.00 ","$149,000.00 ","$201,000.00 "
Occidental College,California,California,51900.00,"$105,000.00 ",N/A,"$54,800.00 ","$157,000.00 ",N/A
Cal Poly San Luis Obispo,California,California,57200.00,"$101,000.00 ","$55,000.00 ","$74,700.00 ","$133,000.00 ","$178,000.00 "
University of California at Los Angeles (UCLA),California,California,52600.00,"$101,000.00 ","$51,300.00 ","$72,500.00 ","$139,000.00 ","$193,000.00 "
"University of California, San Diego (UCSD)",California,California,51100.00,"$101,000.00 ","$51,700.00 ","$75,400.00 ","$131,000.00 ","$177,000.00 "
Pomona College,California,California,48600.00,"$101,000.00 ",N/A,"$63,300.00 ","$161,000.00 ",N/A
University of Southern California (USC),California,California,54800.00,"$99,600.00 ","$49,700.00 ","$73,800.00 ","$140,000.00 ","$201,000.00 "
"University of California, Davis",California,California,52300.00,"$99,600.00 ","$52,000.00 ","$71,600.00 ","$135,000.00 ","$202,000.00 "
"University of California, Irvine (UCI)",California,California,48300.00,"$96,700.00 ","$47,800.00 ","$66,000.00 ","$123,000.00 ","$172,000.00 "
San Jose State University (SJSU),California,California,53500.00,"$95,600.00 ","$50,700.00 ","$70,500.00 ","$122,000.00 ","$156,000.00 "
"University of California, Santa Barbara (UCSB)",California,California,50500.00,"$95,000.00 ","$51,300.00 ","$71,200.00 ","$129,000.00 ","$173,000.00 "
"California State University (CSU), Chico",California,California,47400.00,"$88,100.00 ","$46,800.00 ","$62,800.00 ","$122,000.00 ","$154,000.00 "
"California State University, Fullerton (CSUF)",California,California,45700.00,"$87,000.00 ","$45,400.00 ","$62,500.00 ","$119,000.00 ","$158,000.00 "
San Francisco State University (SFSU),California,California,47300.00,"$86,400.00 ","$45,100.00 ","$62,700.00 ","$114,000.00 ","$150,000.00 "
San Diego State University (SDSU),California,California,46200.00,"$85,200.00 ","$45,500.00 ","$61,800.00 ","$116,000.00 ","$158,000.00 "
"California State University, Long Beach (CSULB)",California,California,45100.00,"$84,700.00 ","$47,400.00 ","$62,500.00 ","$113,000.00 ","$154,000.00 "
"California State University, East Bay (CSUEB)",California,California,49200.00,"$84,300.00 ","$46,000.00 ","$62,400.00 ","$115,000.00 ","$155,000.00 "
"University of California, Santa Cruz (UCSC)",California,California,44700.00,"$84,100.00 ","$46,100.00 ","$62,000.00 ","$121,000.00 ","$165,000.00 "
"California State University, Sacramento (CSUS)",California,California,47800.00,"$82,400.00 ","$42,900.00 ","$59,600.00 ","$111,000.00 ","$154,000.00 "
"University of California, Riverside (UCR)",California,California,46800.00,"$81,300.00 ","$37,200.00 ","$59,900.00 ","$109,000.00 ","$134,000.00 "
"California State University, Northridge (CSUN)",California,California,45500.00,"$80,400.00 ","$44,500.00 ","$57,800.00 ","$108,000.00 ","$153,000.00 "
"California State University, Dominguez Hills (CSUDH)",California,California,42700.00,"$72,100.00 ","$30,800.00 ","$47,000.00 ","$92,200.00 ","$132,000.00 "
"California State University (CSU), Stanislaus",California,California,38000.00,"$71,400.00 ",N/A,"$50,500.00 ","$94,100.00 ",N/A
Humboldt State University,California,California,42600.00,"$71,300.00 ","$36,000.00 ","$56,300.00 ","$94,400.00 ","$117,000.00 "
Thomas Aquinas College,California,California,41500.00,"$67,500.00 ",N/A,"$44,600.00 ","$93,100.00 ",N/A
Colorado School of Mines,Colorado,Western,58100.00,"$106,000.00 ","$62,200.00 ","$87,900.00 ","$142,000.00 ","$201,000.00 "
University of Colorado - Boulder (UCB),Colorado,Western,47100.00,"$97,600.00 ","$51,600.00 ","$69,000.00 ","$128,000.00 ","$187,000.00 "
New Mexico Institute of Mining and Technology (New Mexico Tech),New Mexico,Western,51000.00,"$93,400.00 ",N/A,"$67,400.00 ","$123,000.00 ",N/A
Brigham Young University (BYU),Utah,Western,49400.00,"$88,600.00 ","$50,600.00 ","$68,500.00 ","$119,000.00 ","$164,000.00 "
University of Arizona,Arizona,Western,47500.00,"$86,100.00 ","$44,800.00 ","$61,700.00 ","$117,000.00 ","$160,000.00 "
University of Washington (UW),Washington,Western,48800.00,"$85,300.00 ","$47,000.00 ","$59,800.00 ","$115,000.00 ","$149,000.00 "
Washington State University (WSU),Washington,Western,45300.00,"$84,700.00 ","$43,600.00 ","$59,000.00 ","$113,000.00 ","$162,000.00 "
University of Colorado - Denver,Colorado,Western,46100.00,"$84,400.00 ","$46,400.00 ","$58,600.00 ","$105,000.00 ","$144,000.00 "
Arizona State University (ASU),Arizona,Western,47400.00,"$84,100.00 ","$44,600.00 ","$60,700.00 ","$114,000.00 ","$163,000.00 "
Oregon State University (OSU),Oregon,Western,45100.00,"$83,300.00 ","$46,900.00 ","$64,000.00 ","$113,000.00 ","$146,000.00 "
University of Utah,Utah,Western,45400.00,"$83,200.00 ","$43,000.00 ","$58,400.00 ","$116,000.00 ","$148,000.00 "
"University of Nevada, Reno (UNR)",Nevada,Western,46500.00,"$82,900.00 ","$41,900.00 ","$54,600.00 ","$113,000.00 ","$143,000.00 "
Seattle University,Washington,Western,48300.00,"$82,800.00 ","$50,600.00 ","$62,400.00 ","$110,000.00 ","$150,000.00 "
University of Idaho,Idaho,Western,44900.00,"$82,000.00 ","$43,000.00 ","$56,700.00 ","$104,000.00 ","$142,000.00 "
University of New Mexico (UNM),New Mexico,Western,41600.00,"$81,600.00 ","$41,800.00 ","$59,100.00 ","$105,000.00 ","$141,000.00 "
University of Puget Sound,Washington,Western,46600.00,"$81,500.00 ","$48,900.00 ","$60,100.00 ","$104,000.00 ","$137,000.00 "
Colorado College (CC),Colorado,Western,38500.00,"$81,400.00 ",N/A,"$43,000.00 ","$148,000.00 ",N/A
Reed College,Oregon,Western,40500.00,"$81,100.00 ",N/A,"$67,400.00 ","$101,000.00 ",N/A
Whitman College,Washington,Western,43500.00,"$80,100.00 ",N/A,"$64,800.00 ","$111,000.00 ",N/A
New Mexico State University,New Mexico,Western,44300.00,"$79,500.00 ","$37,400.00 ","$53,800.00 ","$102,000.00 ","$131,000.00 "
Colorado State University (CSU),Colorado,Western,44800.00,"$79,000.00 ","$43,800.00 ","$57,100.00 ","$112,000.00 ","$150,000.00 "
University of Wyoming (UW),Wyoming,Western,44500.00,"$78,700.00 ","$41,500.00 ","$54,000.00 ","$105,000.00 ","$145,000.00 "
Utah State University,Utah,Western,43800.00,"$78,700.00 ","$41,600.00 ","$55,400.00 ","$101,000.00 ","$132,000.00 "
University of Oregon,Oregon,Western,42200.00,"$78,400.00 ","$38,100.00 ","$56,200.00 ","$117,000.00 ","$186,000.00 "
Montana State University - Bozeman,Montana,Western,46600.00,"$77,500.00 ","$40,200.00 ","$58,100.00 ","$111,000.00 ","$151,000.00 "
Gonzaga University,Washington,Western,44900.00,"$76,000.00 ","$47,000.00 ","$57,400.00 ","$103,000.00 ","$138,000.00 "
University of Hawaii,Hawaii,Western,43800.00,"$76,000.00 ","$40,400.00 ","$56,300.00 ","$104,000.00 ","$128,000.00 "
Western Washington University,Washington,Western,42700.00,"$75,400.00 ","$41,300.00 ","$56,700.00 ","$99,200.00 ","$119,000.00 "
Regis University,Colorado,Western,48300.00,"$73,800.00 ","$41,000.00 ","$55,500.00 ","$94,800.00 ","$117,000.00 "
Idaho State University,Idaho,Western,44900.00,"$73,400.00 ","$35,400.00 ","$49,600.00 ","$101,000.00 ","$143,000.00 "
"University of Alaska, Anchorage",Alaska,Western,45900.00,"$72,600.00 ","$39,800.00 ","$56,600.00 ","$99,300.00 ","$137,000.00 "
Lewis & Clark College,Illinois,Western,38900.00,"$72,600.00 ","$38,200.00 ","$53,400.00 ","$104,000.00 ","$140,000.00 "
University of Montana,Montana,Western,37300.00,"$71,900.00 ","$37,000.00 ","$51,500.00 ","$96,400.00 ","$138,000.00 "
"University of Nevada, Las Vegas (UNLV)",Nevada,Western,45200.00,"$71,600.00 ","$39,000.00 ","$52,400.00 ","$100,000.00 ","$128,000.00 "
Portland State University (PSU),Oregon,Western,42600.00,"$70,900.00 ","$40,700.00 ","$52,300.00 ","$94,400.00 ","$123,000.00 "
Eastern Washington University,Washington,Western,38600.00,"$70,900.00 ","$36,000.00 ","$50,500.00 ","$93,100.00 ","$117,000.00 "
Fort Lewis College,Colorado,Western,42000.00,"$69,800.00 ",N/A,"$55,000.00 ","$94,000.00 ",N/A
Boise State University (BSU),Idaho,Western,40800.00,"$69,500.00 ","$37,400.00 ","$48,700.00 ","$87,500.00 ","$110,000.00 "
Utah Valley State College,Utah,Western,42400.00,"$67,100.00 ",N/A,"$44,100.00 ","$84,900.00 ",N/A
Evergreen State College,Washington,Western,39500.00,"$63,900.00 ","$38,800.00 ","$47,200.00 ","$91,600.00 ","$120,000.00 "
Southern Utah University,Utah,Western,41900.00,"$56,500.00 ",N/A,"$39,700.00 ","$78,400.00 ",N/A
Montana State University - Billings,Montana,Western,37900.00,"$50,600.00 ",N/A,"$31,800.00 ","$78,500.00 ",N/A
University of Notre Dame,Indiana,Midwestern,56300.00,"$116,000.00 ","$66,400.00 ","$85,100.00 ","$163,000.00 ","$235,000.00 "
University Of Chicago,Illinois,Midwestern,53400.00,"$113,000.00 ","$62,200.00 ","$83,300.00 ","$174,000.00 ","$255,000.00 "
Carleton College,Minnesota,Midwestern,47500.00,"$103,000.00 ",N/A,"$69,400.00 ","$141,000.00 ",N/A
Illinois Institute of Technology (IIT),Illinois,Midwestern,56000.00,"$97,800.00 ","$56,100.00 ","$77,400.00 ","$121,000.00 ","$165,000.00 "
Case Western Reserve University,Ohio,Midwestern,56200.00,"$96,500.00 ","$54,900.00 ","$76,500.00 ","$123,000.00 ","$168,000.00 "
University of Illinois at Urbana-Champaign (UIUC),Illinois,Midwestern,52900.00,"$96,100.00 ","$48,200.00 ","$68,900.00 ","$132,000.00 ","$177,000.00 "
Northwestern University,Illinois,Midwestern,52700.00,"$95,900.00 ","$51,900.00 ","$69,100.00 ","$144,000.00 ","$205,000.00 "
University of Missouri - Rolla (UMR),Missouri,Midwestern,57100.00,"$95,800.00 ","$67,600.00 ","$80,400.00 ","$122,000.00 ","$166,000.00 "
South Dakota School of Mines & Technology,South Dakota,Midwestern,55800.00,"$93,400.00 ","$71,500.00 ","$81,900.00 ","$122,000.00 ","$147,000.00 "
University of Michigan,Michigan,Midwestern,52700.00,"$93,000.00 ","$50,900.00 ","$69,400.00 ","$128,000.00 ","$182,000.00 "
Purdue University,Indiana,Midwestern,51400.00,"$90,500.00 ","$49,900.00 ","$67,400.00 ","$121,000.00 ","$168,000.00 "
Marquette University,Wisconsin,Midwestern,48500.00,"$88,400.00 ","$49,500.00 ","$67,400.00 ","$121,000.00 ","$184,000.00 "
DePauw University,Indiana,Midwestern,41400.00,"$88,200.00 ","$49,500.00 ","$57,400.00 ","$133,000.00 ","$185,000.00 "
University of Wisconsin (UW) - Madison,Wisconsin,Midwestern,48900.00,"$87,800.00 ","$47,400.00 ","$62,400.00 ","$118,000.00 ","$170,000.00 "
Bradley University,Illinois,Midwestern,47000.00,"$87,300.00 ","$45,900.00 ","$64,900.00 ","$113,000.00 ","$151,000.00 "
St. Olaf College,Minnesota,Midwestern,45300.00,"$86,200.00 ","$41,300.00 ","$61,000.00 ","$120,000.00 ","$185,000.00 "
Michigan State University (MSU),Michigan,Midwestern,46300.00,"$85,300.00 ","$44,200.00 ","$61,500.00 ","$119,000.00 ","$170,000.00 "
DePaul University,Illinois,Midwestern,46400.00,"$84,800.00 ","$50,300.00 ","$63,900.00 ","$115,000.00 ","$160,000.00 "
Iowa State University,Iowa,Midwestern,45400.00,"$84,600.00 ","$44,400.00 ","$60,000.00 ","$109,000.00 ","$147,000.00 "
University of Minnesota,Minnesota,Midwestern,46200.00,"$84,200.00 ","$49,000.00 ","$63,200.00 ","$112,000.00 ","$148,000.00 "
"Indiana University (IU), Bloomington",Indiana,Midwestern,46300.00,"$84,000.00 ","$43,600.00 ","$60,400.00 ","$119,000.00 ","$178,000.00 "
University of Iowa (UI),Iowa,Midwestern,44700.00,"$83,900.00 ","$43,300.00 ","$61,100.00 ","$116,000.00 ","$163,000.00 "
Ohio State University (OSU),Ohio,Midwestern,44900.00,"$83,700.00 ","$45,500.00 ","$60,700.00 ","$116,000.00 ","$162,000.00 "
Denison University,Ohio,Midwestern,42000.00,"$83,500.00 ",N/A,"$62,100.00 ","$122,000.00 ",N/A
University of Illinois at Chicago,Illinois,Midwestern,47500.00,"$81,700.00 ","$44,700.00 ","$58,800.00 ","$110,000.00 ","$146,000.00 "
Oberlin College,Ohio,Midwestern,43400.00,"$81,600.00 ",N/A,"$46,400.00 ","$128,000.00 ",N/A
University of Kansas,Kansas,Midwestern,42400.00,"$81,600.00 ","$44,800.00 ","$57,200.00 ","$115,000.00 ","$156,000.00 "
University of Missouri - Columbia,Missouri,Midwestern,41700.00,"$81,000.00 ","$43,500.00 ","$57,100.00 ","$111,000.00 ","$156,000.00 "
University of Nebraska,Nebraska,Midwestern,45700.00,"$80,900.00 ","$42,200.00 ","$56,600.00 ","$113,000.00 ","$156,000.00 "
Northern Illinois University (NIU),Illinois,Midwestern,43600.00,"$80,800.00 ","$43,900.00 ","$60,200.00 ","$111,000.00 ","$161,000.00 "
Gustavus Adolphus College,Minnesota,Midwestern,44500.00,"$80,600.00 ",N/A,"$49,300.00 ","$101,000.00 ",N/A
University of North Dakota,North Dakota,Midwestern,44000.00,"$80,600.00 ","$43,400.00 ","$56,400.00 ","$111,000.00 ","$157,000.00 "
Kansas State University (KSU),Kansas,Midwestern,43300.00,"$79,000.00 ","$37,200.00 ","$54,100.00 ","$106,000.00 ","$138,000.00 "
University of Wisconsin (UW) - Platteville,Wisconsin,Midwestern,45800.00,"$78,500.00 ","$48,400.00 ","$61,200.00 ","$100,000.00 ","$139,000.00 "
Wittenberg University,Ohio,Midwestern,39200.00,"$78,200.00 ",N/A,"$54,100.00 ","$131,000.00 ",N/A
North Dakota State University (NDSU),North Dakota,Midwestern,45100.00,"$77,800.00 ","$39,000.00 ","$55,800.00 ","$100,000.00 ","$123,000.00 "
Grinnell College,Iowa,Midwestern,42600.00,"$76,600.00 ",N/A,"$65,100.00 ","$116,000.00 ",N/A
Wayne State University,Michigan,Midwestern,42800.00,"$76,100.00 ","$40,100.00 ","$56,200.00 ","$101,000.00 ","$139,000.00 "
University of Toledo,Ohio,Midwestern,43100.00,"$75,900.00 ","$40,100.00 ","$54,100.00 ","$100,000.00 ","$133,000.00 "
University of Wisconsin (UW) - Whitewater,Wisconsin,Midwestern,40800.00,"$75,500.00 ","$38,200.00 ","$53,500.00 ","$99,300.00 ","$150,000.00 "
Minnesota State University - Mankato,Minnesota,Midwestern,43300.00,"$74,700.00 ","$39,500.00 ","$53,800.00 ","$95,700.00 ","$140,000.00 "
University of Wisconsin (UW) - Milwaukee,Wisconsin,Midwestern,42300.00,"$74,600.00 ","$40,600.00 ","$54,000.00 ","$93,700.00 ","$123,000.00 "
Western Michigan University (WMU),Michigan,Midwestern,42300.00,"$73,800.00 ","$40,100.00 ","$52,500.00 ","$103,000.00 ","$135,000.00 "
South Dakota State University (SDSU),South Dakota,Midwestern,41100.00,"$73,500.00 ","$34,100.00 ","$49,900.00 ","$99,400.00 ","$129,000.00 "
Ohio University,Ohio,Midwestern,42200.00,"$73,400.00 ","$36,600.00 ","$52,800.00 ","$106,000.00 ","$150,000.00 "
Illinois State University,Illinois,Midwestern,42000.00,"$73,400.00 ","$39,100.00 ","$55,200.00 ","$105,000.00 ","$142,000.00 "
Cleveland State University,Ohio,Midwestern,43500.00,"$73,100.00 ","$39,500.00 ","$51,600.00 ","$97,000.00 ","$137,000.00 "
University of Nebraska at Omaha,Nebraska,Midwestern,41500.00,"$72,600.00 ","$39,500.00 ","$54,400.00 ","$97,400.00 ","$126,000.00 "
Southern Illinois University Carbondale,Illinois,Midwestern,43000.00,"$72,500.00 ","$38,300.00 ","$51,300.00 ","$99,300.00 ","$139,000.00 "
Eastern Michigan University,Michigan,Midwestern,40300.00,"$72,100.00 ","$37,900.00 ","$52,800.00 ","$95,400.00 ","$135,000.00 "
Bowling Green State University,Ohio,Midwestern,39800.00,"$72,100.00 ","$38,200.00 ","$51,800.00 ","$101,000.00 ","$146,000.00 "
St. Cloud State University,Minnesota,Midwestern,41800.00,"$71,400.00 ","$38,700.00 ","$49,400.00 ","$101,000.00 ","$126,000.00 "
University of Wisconsin (UW) - Parkside,Wisconsin,Midwestern,40700.00,"$71,400.00 ","$40,900.00 ","$53,100.00 ","$84,900.00 ","$119,000.00 "
University of Akron,Ohio,Midwestern,41100.00,"$70,300.00 ","$40,600.00 ","$53,300.00 ","$95,200.00 ","$127,000.00 "
Missouri State University (MSU),Missouri,Midwestern,36100.00,"$69,500.00 ","$33,300.00 ","$46,900.00 ","$102,000.00 ","$134,000.00 "
University of Wisconsin (UW) - La Crosse,Wisconsin,Midwestern,42200.00,"$69,300.00 ","$37,500.00 ","$47,200.00 ","$93,100.00 ","$133,000.00 "
University of Wisconsin (UW) - Stout,Wisconsin,Midwestern,43600.00,"$68,300.00 ","$40,900.00 ","$50,600.00 ","$91,600.00 ","$136,000.00 "
Robert Morris College (RMC),Pennsylvania,Midwestern,38500.00,"$68,200.00 ","$37,300.00 ","$47,100.00 ","$95,000.00 ","$128,000.00 "
University of Missouri - St. Louis (UMSL),Missouri,Midwestern,41400.00,"$67,100.00 ","$36,800.00 ","$49,600.00 ","$97,600.00 ","$144,000.00 "
University of Wisconsin (UW) - Oshkosh,Wisconsin,Midwestern,39300.00,"$66,400.00 ","$37,700.00 ","$49,700.00 ","$90,100.00 ","$138,000.00 "
University of Missouri - Kansas City (UMKC),Missouri,Midwestern,38900.00,"$65,800.00 ","$36,300.00 ","$48,100.00 ","$95,800.00 ","$124,000.00 "
University of Wisconsin (UW) - Eau Claire,Wisconsin,Midwestern,41400.00,"$64,800.00 ","$35,000.00 ","$47,300.00 ","$93,100.00 ","$125,000.00 "
Ball State University (BSU),Indiana,Midwestern,39100.00,"$64,500.00 ","$35,500.00 ","$48,200.00 ","$89,300.00 ","$128,000.00 "
Park University,Montana,Midwestern,44300.00,"$64,300.00 ","$37,200.00 ","$45,600.00 ","$86,400.00 ","$113,000.00 "
University of Wisconsin (UW) - Stevens Point,Wisconsin,Midwestern,39800.00,"$64,000.00 ","$38,400.00 ","$45,100.00 ","$95,400.00 ","$128,000.00 "
Kent State University,Ohio,Midwestern,38700.00,"$62,600.00 ","$36,100.00 ","$45,800.00 ","$87,000.00 ","$124,000.00 "
University of Wisconsin (UW) - Green Bay,Wisconsin,Midwestern,35800.00,"$60,600.00 ","$35,500.00 ","$46,800.00 ","$81,800.00 ","$102,000.00 "
Indiana Wesleyan University (IWU),Indiana,Midwestern,39800.00,"$58,500.00 ","$39,600.00 ","$47,800.00 ","$78,600.00 ","$93,400.00 "
Pittsburg State University,Pennsylvania,Midwestern,40400.00,"$58,200.00 ","$25,600.00 ","$46,000.00 ","$84,600.00 ","$117,000.00 "
Davenport University,Michigan,Midwestern,39700.00,"$46,600.00 ","$31,600.00 ","$38,100.00 ","$65,600.00 ","$85,700.00 "
Black Hills State University,South Dakota,Midwestern,35300.00,"$43,900.00 ",N/A,"$32,200.00 ","$60,900.00 ",N/A
Rice University,Texas,Southern,64000.00,"$110,000.00 ","$55,900.00 ","$82,100.00 ","$141,000.00 ","$216,000.00 "
Georgetown University,Washington DC,Southern,55000.00,"$110,000.00 ","$60,300.00 ","$85,800.00 ","$174,000.00 ","$248,000.00 "
Duke University,North Carolina,Southern,58900.00,"$106,000.00 ","$56,000.00 ","$77,400.00 ","$149,000.00 ","$218,000.00 "
Georgia Institute of Technology,Georgia,Southern,58300.00,"$106,000.00 ","$67,200.00 ","$85,200.00 ","$137,000.00 ","$183,000.00 "
Washington and Lee University,Virginia,Southern,53600.00,"$104,000.00 ",N/A,"$82,800.00 ","$146,000.00 ",N/A
Vanderbilt University,Tennessee,Southern,51200.00,"$104,000.00 ","$49,900.00 ","$68,100.00 ","$147,000.00 ","$222,000.00 "
Davidson College,North Carolina,Southern,46100.00,"$104,000.00 ",N/A,"$70,500.00 ","$146,000.00 ",N/A
University of Virginia (UVA),Virginia,Southern,52700.00,"$103,000.00 ","$52,200.00 ","$71,800.00 ","$146,000.00 ","$215,000.00 "
George Washington University (GWU),Washington DC,Southern,47000.00,"$97,900.00 ","$48,400.00 ","$69,600.00 ","$132,000.00 ","$194,000.00 "
Texas A&M University,Texas,Southern,49700.00,"$96,100.00 ","$51,100.00 ","$71,300.00 ","$131,000.00 ","$171,000.00 "
Tulane University,Louisiana,Southern,49100.00,"$95,800.00 ","$46,500.00 ","$64,400.00 ","$134,000.00 ","$185,000.00 "
Virginia Polytechnic Institute and State University (Virginia Tech),Virginia,Southern,53500.00,"$95,400.00 ","$50,600.00 ","$71,400.00 ","$124,000.00 ","$163,000.00 "
"University of Maryland, College Park",Maryland,Southern,52000.00,"$95,000.00 ","$50,400.00 ","$68,300.00 ","$126,000.00 ","$166,000.00 "
University of Richmond,Virginia,Southern,48600.00,"$94,600.00 ","$44,500.00 ","$59,400.00 ","$151,000.00 ","$211,000.00 "
University of Texas (UT) - Austin,Texas,Southern,49700.00,"$93,900.00 ","$50,100.00 ","$67,400.00 ","$129,000.00 ","$188,000.00 "
Emory University,Georgia,Southern,52000.00,"$91,600.00 ","$52,500.00 ","$63,300.00 ","$128,000.00 ","$192,000.00 "
"American University, Washington D.C.",Washington DC,Southern,45300.00,"$90,800.00 ","$45,200.00 ","$62,400.00 ","$134,000.00 ","$169,000.00 "
University of Tulsa,Oklahoma ,Southern,42400.00,"$88,700.00 ","$42,300.00 ","$60,300.00 ","$120,000.00 ","$197,000.00 "
Baylor University,Texas,Southern,48300.00,"$88,600.00 ","$46,300.00 ","$60,700.00 ","$130,000.00 ","$200,000.00 "
University of Florida (UF),Florida,Southern,47100.00,"$87,900.00 ","$45,400.00 ","$62,900.00 ","$120,000.00 ","$172,000.00 "
Louisiana State University (LSU),Louisiana,Southern,46900.00,"$87,800.00 ","$43,700.00 ","$61,300.00 ","$120,000.00 ","$165,000.00 "
George Mason University,Washington DC,Southern,47800.00,"$86,900.00 ","$51,300.00 ","$67,200.00 ","$114,000.00 ","$150,000.00 "
Clemson University,South Carolina,Southern,48400.00,"$86,000.00 ","$50,500.00 ","$61,800.00 ","$111,000.00 ","$150,000.00 "
University of Georgia (UGA),Georgia,Southern,44100.00,"$86,000.00 ","$43,100.00 ","$57,800.00 ","$118,000.00 ","$164,000.00 "
Auburn University,Alabama,Southern,45400.00,"$84,700.00 ","$45,400.00 ","$62,700.00 ","$109,000.00 ","$145,000.00 "
University of Delaware,Delaware,Southern,45900.00,"$84,500.00 ","$44,500.00 ","$64,000.00 ","$119,000.00 ","$165,000.00 "
Randolph-Macon College,Virginia,Southern,42600.00,"$83,600.00 ",N/A,"$54,100.00 ","$123,000.00 ",N/A
North Carolina State University (NCSU),North Carolina,Southern,47200.00,"$83,300.00 ","$49,200.00 ","$64,800.00 ","$112,000.00 ","$153,000.00 "
University of Oklahoma,Oklahoma ,Southern,44700.00,"$82,900.00 ","$41,200.00 ","$60,300.00 ","$114,000.00 ","$167,000.00 "
University of Arkansas,Arkansas,Southern,44100.00,"$82,800.00 ","$43,200.00 ","$60,700.00 ","$113,000.00 ","$160,000.00 "
University of Alabama at Huntsville (UAH),Alabama,Southern,43100.00,"$82,700.00 ","$46,100.00 ","$67,800.00 ","$106,000.00 ","$132,000.00 "
Howard University,Washington DC,Southern,46900.00,"$81,800.00 ","$43,300.00 ","$60,000.00 ","$109,000.00 ","$138,000.00 "
University of North Carolina at Chapel Hill (UNCH),North Carolina,Southern,42900.00,"$81,500.00 ","$43,400.00 ","$57,500.00 ","$117,000.00 ","$155,000.00 "
"University of Alabama, Tuscaloosa",Alabama,Southern,41300.00,"$81,400.00 ","$40,100.00 ","$56,500.00 ","$117,000.00 ","$161,000.00 "
University of Texas at Arlington (UTA),Texas,Southern,45400.00,"$80,800.00 ","$46,400.00 ","$61,200.00 ","$106,000.00 ","$138,000.00 "
Oklahoma State University,Oklahoma ,Southern,42800.00,"$80,700.00 ","$40,100.00 ","$56,500.00 ","$114,000.00 ","$151,000.00 "
Tennessee Technological University,Tennessee,Southern,46200.00,"$80,000.00 ","$42,100.00 ","$62,600.00 ","$99,500.00 ","$121,000.00 "
University of Houston (UH),Texas,Southern,46000.00,"$79,900.00 ","$42,000.00 ","$56,200.00 ","$106,000.00 ","$141,000.00 "
University of Mississippi,Mississippi,Southern,41400.00,"$79,700.00 ","$40,400.00 ","$53,500.00 ","$108,000.00 ","$186,000.00 "
Lamar University,Texas,Southern,46500.00,"$79,400.00 ","$38,700.00 ","$51,600.00 ","$114,000.00 ","$158,000.00 "
Mississippi State University (MSU),Mississippi,Southern,44500.00,"$79,300.00 ","$43,300.00 ","$58,800.00 ","$108,000.00 ","$151,000.00 "
University of Kentucky (UK),Ohio,Southern,42800.00,"$78,300.00 ","$43,000.00 ","$57,300.00 ","$107,000.00 ","$149,000.00 "
Texas Christian University (TCU),Texas,Southern,45100.00,"$78,100.00 ","$42,600.00 ","$56,600.00 ","$122,000.00 ","$183,000.00 "
West Virginia University (WVU),West Virginia,Southern,43100.00,"$78,100.00 ","$39,700.00 ","$55,700.00 ","$106,000.00 ","$141,000.00 "
University of Maryland Baltimore County (UMBC),Maryland,Southern,47000.00,"$77,800.00 ","$46,900.00 ","$59,100.00 ","$105,000.00 ","$130,000.00 "
University of Louisiana (UL) at Lafayette,Indiana,Southern,41100.00,"$76,300.00 ","$42,000.00 ","$54,500.00 ","$107,000.00 ","$163,000.00 "
Florida International University (FIU),Florida,Southern,43200.00,"$75,500.00 ","$40,500.00 ","$55,800.00 ","$98,200.00 ","$136,000.00 "
University of Tennessee,Tennessee,Southern,43800.00,"$74,600.00 ","$41,900.00 ","$53,200.00 ","$106,000.00 ","$153,000.00 "
University of Arkansas - Monticello (UAM),Arkansas,Southern,39200.00,"$74,500.00 ",N/A,"$46,100.00 ","$110,000.00 ",N/A
University of North Carolina at Charlotte (UNCC),North Carolina,Southern,43100.00,"$74,000.00 ","$38,200.00 ","$53,200.00 ","$99,500.00 ","$133,000.00 "
Georgia State University,Georgia,Southern,41800.00,"$74,000.00 ","$43,000.00 ","$55,300.00 ","$99,900.00 ","$145,000.00 "
LeTourneau University,Texas,Southern,49500.00,"$73,800.00 ","$41,200.00 ","$52,700.00 ","$95,200.00 ","$126,000.00 "
Florida State University (FSU),Florida,Southern,42100.00,"$73,000.00 ","$39,600.00 ","$52,800.00 ","$107,000.00 ","$156,000.00 "
University of Texas at El Paso (UTEP),Texas,Southern,43400.00,"$72,100.00 ","$37,700.00 ","$50,400.00 ","$99,500.00 ","$133,000.00 "
University of Central Florida (UCF),Florida,Southern,42600.00,"$71,700.00 ","$39,500.00 ","$51,500.00 ","$98,400.00 ","$125,000.00 "
University of South Carolina,South Carolina,Southern,40000.00,"$71,700.00 ","$36,300.00 ","$49,900.00 ","$98,400.00 ","$131,000.00 "
Florida Atlantic University (FAU),Florida,Southern,42600.00,"$71,100.00 ","$40,700.00 ","$53,000.00 ","$99,500.00 ","$137,000.00 "
University of South Florida (USF),Florida,Southern,41100.00,"$71,100.00 ","$39,600.00 ","$51,500.00 ","$98,100.00 ","$131,000.00 "
University of Texas at San Antonio (UTSA),Texas,Southern,42500.00,"$70,700.00 ","$39,100.00 ","$49,800.00 ","$92,700.00 ","$121,000.00 "
University of Alabama at Birmingham (UAB),Alabama,Southern,39200.00,"$70,100.00 ","$43,000.00 ","$53,400.00 ","$91,400.00 ","$125,000.00 "
University of Memphis (U of M),Tennessee,Southern,41400.00,"$69,700.00 ","$36,100.00 ","$49,100.00 ","$93,500.00 ","$127,000.00 "
Appalachian State University,North Carolina,Southern,40400.00,"$69,100.00 ","$37,200.00 ","$50,400.00 ","$90,800.00 ","$115,000.00 "
Virginia Commonwealth University (VCU),Virginia,Southern,42000.00,"$68,400.00 ","$37,400.00 ","$51,900.00 ","$100,000.00 ","$123,000.00 "
East Carolina University (ECU),North Carolina,Southern,40200.00,"$67,500.00 ","$38,400.00 ","$52,000.00 ","$98,700.00 ","$151,000.00 "
Western Carolina University,North Carolina,Southern,36900.00,"$66,600.00 ","$39,000.00 ","$49,500.00 ","$94,400.00 ","$133,000.00 "
Jacksonville University,Alabama,Southern,46700.00,"$66,200.00 ","$36,700.00 ","$47,200.00 ","$88,500.00 ","$121,000.00 "
University of North Carolina at Wilmington (UNCW),North Carolina,Southern,37500.00,"$64,400.00 ","$32,100.00 ","$46,600.00 ","$97,100.00 ","$129,000.00 "
Oklahoma City University,Oklahoma ,Southern,40000.00,"$64,300.00 ",N/A,"$45,400.00 ","$80,600.00 ",N/A
Arkansas State University (ASU),Arkansas,Southern,38700.00,"$63,300.00 ","$33,600.00 ","$45,300.00 ","$83,900.00 ","$118,000.00 "
Tarleton State University (TSU),Texas,Southern,40800.00,"$62,400.00 ","$32,100.00 ","$47,400.00 ","$80,400.00 ","$126,000.00 "
Morehead State University,Kentucky,Southern,34800.00,"$60,600.00 ","$34,300.00 ","$46,500.00 ","$72,000.00 ","$91,300.00 "
Mississippi College,Mississippi,Southern,35400.00,"$60,400.00 ",N/A,"$43,900.00 ","$80,400.00 ",N/A
Dallas Baptist University,Texas,Southern,39400.00,"$60,200.00 ","$38,500.00 ","$50,300.00 ","$81,800.00 ","$98,100.00 "
Austin Peay State University,Texas,Southern,37700.00,"$59,200.00 ","$32,200.00 ","$40,500.00 ","$73,900.00 ","$96,200.00 "
Saint Leo University,Florida,Southern,40900.00,"$57,800.00 ","$34,400.00 ","$41,800.00 ","$80,600.00 ","$113,000.00 "
Tusculum College,Tennessee,Southern,36900.00,"$55,500.00 ","$36,200.00 ","$43,000.00 ","$87,300.00 ","$124,000.00 "
Virginia Wesleyan College (VWC),Virginia,Southern,34600.00,"$54,900.00 ",N/A,"$37,100.00 ","$88,900.00 ",N/A
"Lee University (Cleveland, TN)",Tennessee,Southern,34500.00,"$53,900.00 ",N/A,"$44,500.00 ","$76,800.00 ",N/A
Florida Metropolitan University (FMU),Florida,Southern,36600.00,"$51,000.00 ","$32,800.00 ","$36,800.00 ","$70,400.00 ","$102,000.00 "
Dartmouth College,New Hampshire,Northeastern,58000.00,"$134,000.00 ","$63,100.00 ","$90,200.00 ","$234,000.00 ","$321,000.00 "
Princeton University,New Jersey,Northeastern,66500.00,"$131,000.00 ","$68,900.00 ","$100,000.00 ","$190,000.00 ","$261,000.00 "
Massachusetts Institute of Technology (MIT),Massachusetts,Northeastern,72200.00,"$126,000.00 ","$76,800.00 ","$99,200.00 ","$168,000.00 ","$220,000.00 "
Yale University,Connecticut,Northeastern,59100.00,"$126,000.00 ","$58,000.00 ","$80,600.00 ","$198,000.00 ","$326,000.00 "
Harvard University,Massachusetts,Northeastern,63400.00,"$124,000.00 ","$54,800.00 ","$86,200.00 ","$179,000.00 ","$288,000.00 "
University of Pennsylvania,Pennsylvania,Northeastern,60900.00,"$120,000.00 ","$55,900.00 ","$79,200.00 ","$192,000.00 ","$282,000.00 "
"Polytechnic University of New York, Brooklyn",New York,Northeastern,62400.00,"$114,000.00 ","$66,800.00 ","$94,300.00 ","$143,000.00 ","$190,000.00 "
Cooper Union,New York,Northeastern,62200.00,"$114,000.00 ",N/A,"$80,200.00 ","$142,000.00 ",N/A
Worcester Polytechnic Institute (WPI),Massachusetts,Northeastern,61000.00,"$114,000.00 ","$80,000.00 ","$91,200.00 ","$137,000.00 ","$180,000.00 "
Carnegie Mellon University (CMU),Pennsylvania,Northeastern,61800.00,"$111,000.00 ","$63,300.00 ","$80,100.00 ","$150,000.00 ","$209,000.00 "
Rensselaer Polytechnic Institute (RPI),Connecticut,Northeastern,61100.00,"$110,000.00 ","$71,600.00 ","$85,500.00 ","$140,000.00 ","$182,000.00 "
Cornell University,New York,Northeastern,60300.00,"$110,000.00 ","$56,800.00 ","$79,800.00 ","$160,000.00 ","$210,000.00 "
Bucknell University,Pennsylvania,Northeastern,54100.00,"$110,000.00 ","$62,800.00 ","$80,600.00 ","$156,000.00 ","$251,000.00 "
Brown University,Texas,Northeastern,56200.00,"$109,000.00 ","$55,400.00 ","$74,400.00 ","$159,000.00 ","$228,000.00 "
Colgate University,New York,Northeastern,52800.00,"$108,000.00 ","$60,000.00 ","$76,700.00 ","$167,000.00 ","$265,000.00 "
Columbia University,New York,Northeastern,59400.00,"$107,000.00 ","$50,300.00 ","$71,900.00 ","$161,000.00 ","$241,000.00 "
Amherst College,Massachusetts,Northeastern,54500.00,"$107,000.00 ",N/A,"$84,900.00 ","$162,000.00 ",N/A
Lafayette College,Indiana,Northeastern,53900.00,"$107,000.00 ","$70,600.00 ","$79,300.00 ","$144,000.00 ","$204,000.00 "
Bowdoin College,Maine,Northeastern,48100.00,"$107,000.00 ",N/A,"$74,600.00 ","$146,000.00 ",N/A
College of the Holy Cross,Massachusetts,Northeastern,50200.00,"$106,000.00 ",N/A,"$65,600.00 ","$143,000.00 ",N/A
Stevens Institute of Technology,New Jersey,Northeastern,60600.00,"$105,000.00 ","$68,700.00 ","$81,900.00 ","$138,000.00 ","$185,000.00 "
Lehigh University,Pennsylvania,Northeastern,59200.00,"$105,000.00 ","$69,500.00 ","$85,000.00 ","$160,000.00 ","$229,000.00 "
Swarthmore College,Pennsylvania,Northeastern,49700.00,"$104,000.00 ",N/A,"$67,200.00 ","$167,000.00 ",N/A
Boston College,Massachusetts,Northeastern,52700.00,"$103,000.00 ","$48,900.00 ","$70,000.00 ","$143,000.00 ","$195,000.00 "
Williams College,Massachusetts,Northeastern,51700.00,"$102,000.00 ",N/A,"$76,400.00 ","$143,000.00 ",N/A
Villanova University,Pennsylvania,Northeastern,55800.00,"$101,000.00 ","$56,800.00 ","$76,200.00 ","$156,000.00 ","$226,000.00 "
Fordham University,New York,Northeastern,47800.00,"$99,900.00 ","$48,600.00 ","$65,900.00 ","$142,000.00 ","$198,000.00 "
"Wesleyan University (Middletown, Connecticut)",Connecticut,Northeastern,46500.00,"$97,900.00 ","$42,000.00 ","$62,500.00 ","$126,000.00 ","$215,000.00 "
Wentworth Institute of Technology,Massachusetts,Northeastern,53000.00,"$96,700.00 ","$55,200.00 ","$74,000.00 ","$117,000.00 ","$153,000.00 "
Bates College,Maine,Northeastern,47300.00,"$96,500.00 ",N/A,"$60,700.00 ","$162,000.00 ",N/A
Binghamton University,New York,Northeastern,53600.00,"$95,900.00 ","$50,900.00 ","$71,200.00 ","$146,000.00 ","$201,000.00 "
Union College,New York,Northeastern,47200.00,"$95,800.00 ","$48,700.00 ","$75,200.00 ","$135,000.00 ","$230,000.00 "
New York University (NYU),New York,Northeastern,50300.00,"$95,600.00 ","$47,500.00 ","$65,000.00 ","$142,000.00 ","$216,000.00 "
Vassar College,New York,Northeastern,46000.00,"$94,600.00 ",N/A,"$60,600.00 ","$123,000.00 ",N/A
Middlebury College,Vermont,Northeastern,47700.00,"$94,200.00 ",N/A,"$69,100.00 ","$129,000.00 ",N/A
Mount Holyoke College,Massachusetts,Northeastern,42400.00,"$94,200.00 ",N/A,"$57,100.00 ","$131,000.00 ",N/A
Boston University,Massachusetts,Northeastern,49000.00,"$93,900.00 ","$48,000.00 ","$64,900.00 ","$130,000.00 ","$193,000.00 "
Drexel University,Pennsylvania,Northeastern,53400.00,"$93,500.00 ","$54,900.00 ","$72,500.00 ","$122,000.00 ","$161,000.00 "
"St. John's University, New York",New York,Northeastern,48000.00,"$93,400.00 ","$48,000.00 ","$65,400.00 ","$124,000.00 ","$181,000.00 "
Long Island University,New York,Northeastern,47300.00,"$93,200.00 ","$46,300.00 ","$62,100.00 ","$122,000.00 ","$169,000.00 "
Stony Brook University,New York,Northeastern,49500.00,"$93,000.00 ","$47,200.00 ","$67,100.00 ","$129,000.00 ","$181,000.00 "
Franklin and Marshall College,Pennsylvania,Northeastern,49100.00,"$92,800.00 ",N/A,"$55,800.00 ","$185,000.00 ",N/A
Hofstra University,New York,Northeastern,46800.00,"$92,700.00 ","$48,900.00 ","$67,000.00 ","$135,000.00 ","$189,000.00 "
State University of New York (SUNY) at Albany,New York,Northeastern,44500.00,"$92,200.00 ","$47,000.00 ","$63,100.00 ","$135,000.00 ","$209,000.00 "
Rutgers University,New Jersey,Northeastern,50300.00,"$91,800.00 ","$48,100.00 ","$65,100.00 ","$128,000.00 ","$176,000.00 "
Pratt Institute,New York,Northeastern,43800.00,"$89,900.00 ","$48,600.00 ","$65,400.00 ","$123,000.00 ","$155,000.00 "
Pace University,New York,Northeastern,53200.00,"$89,700.00 ","$44,200.00 ","$65,400.00 ","$129,000.00 ","$187,000.00 "
Seton Hall University,New Jersey,Northeastern,48900.00,"$89,200.00 ","$55,700.00 ","$70,600.00 ","$133,000.00 ","$195,000.00 "
Rider University,New Jersey,Northeastern,43600.00,"$88,900.00 ","$47,100.00 ","$63,100.00 ","$127,000.00 ","$150,000.00 "
University of Connecticut (UConn),Connecticut,Northeastern,48000.00,"$88,800.00 ","$46,100.00 ","$66,400.00 ","$120,000.00 ","$162,000.00 "
Providence College,Rhode Island,Northeastern,48000.00,"$88,600.00 ","$42,800.00 ","$62,900.00 ","$138,000.00 ","$194,000.00 "
University of Massachusetts (UMass) - Amherst,Massachusetts,Northeastern,46600.00,"$88,200.00 ","$43,100.00 ","$61,300.00 ","$122,000.00 ","$168,000.00 "
Ithaca College,New York,Northeastern,42700.00,"$87,400.00 ","$50,200.00 ","$62,400.00 ","$128,000.00 ","$174,000.00 "
University of Massachusetts (UMass) - Lowell,Massachusetts,Northeastern,45400.00,"$86,600.00 ","$50,900.00 ","$65,000.00 ","$113,000.00 ","$158,000.00 "
Northeastern University,Massachusetts,Northeastern,50500.00,"$86,400.00 ","$47,100.00 ","$62,700.00 ","$117,000.00 ","$159,000.00 "
Syracuse University,New York,Northeastern,45700.00,"$85,900.00 ","$46,400.00 ","$59,400.00 ","$119,000.00 ","$178,000.00 "
Colby College,Maine,Northeastern,46400.00,"$85,800.00 ",N/A,"$63,500.00 ","$129,000.00 ",N/A
Gettysburg College,Pennsylvania,Northeastern,44700.00,"$85,800.00 ",N/A,"$66,300.00 ","$132,000.00 ",N/A
Pennsylvania State University (PSU),Pennsylvania,Northeastern,49900.00,"$85,700.00 ","$46,300.00 ","$62,000.00 ","$117,000.00 ","$160,000.00 "
University of Rhode Island (URI),Rhode Island,Northeastern,43900.00,"$85,300.00 ","$45,400.00 ","$60,100.00 ","$112,000.00 ","$157,000.00 "
Siena College,New York,Northeastern,45500.00,"$85,200.00 ","$38,700.00 ","$58,400.00 ","$129,000.00 ","$189,000.00 "
La Salle University (Philadelphia),Pennsylvania,Northeastern,43400.00,"$84,700.00 ","$45,300.00 ","$57,500.00 ","$106,000.00 ","$151,000.00 "
Rochester Institute of Technology (RIT),New Jersey,Northeastern,48900.00,"$84,600.00 ","$45,000.00 ","$62,100.00 ","$112,000.00 ","$159,000.00 "
Duquesne University,Pennsylvania,Northeastern,40700.00,"$84,400.00 ","$42,600.00 ","$59,500.00 ","$107,000.00 ","$131,000.00 "
State University of New York (SUNY) at Farmingdale,New York,Northeastern,47300.00,"$84,200.00 ","$50,200.00 ","$59,800.00 ","$110,000.00 ","$162,000.00 "
Smith College,Massachusetts,Northeastern,44000.00,"$83,900.00 ","$45,100.00 ","$59,800.00 ","$129,000.00 ","$184,000.00 "
Hamilton College,New York,Northeastern,49200.00,"$83,700.00 ",N/A,"$51,900.00 ","$123,000.00 ",N/A
Wellesley College,Massachusetts,Northeastern,42800.00,"$83,500.00 ",N/A,"$58,600.00 ","$125,000.00 ",N/A
Widener University,Pennsylvania,Northeastern,52900.00,"$83,400.00 ","$42,600.00 ","$61,400.00 ","$106,000.00 ","$138,000.00 "
University of New Haven,Connecticut,Northeastern,44400.00,"$82,900.00 ","$48,500.00 ","$66,100.00 ","$113,000.00 ","$157,000.00 "
Dowling College,New York,Northeastern,41100.00,"$82,800.00 ","$46,500.00 ","$60,600.00 ","$117,000.00 ","$142,000.00 "
University of Vermont (UVM),Vermont,Northeastern,44800.00,"$82,700.00 ","$44,700.00 ","$58,000.00 ","$122,000.00 ","$194,000.00 "
State University of New York (SUNY) at Buffalo,New York,Northeastern,46200.00,"$81,700.00 ","$45,900.00 ","$61,400.00 ","$110,000.00 ","$147,000.00 "
State University of New York (SUNY) at Geneseo,New York,Northeastern,42300.00,"$81,300.00 ","$39,300.00 ","$47,600.00 ","$117,000.00 ","$173,000.00 "
Fashion Institute of Technology,New York,Northeastern,42800.00,"$81,000.00 ","$38,800.00 ","$60,500.00 ","$106,000.00 ","$138,000.00 "
Philadelphia University,Pennsylvania,Northeastern,45100.00,"$80,300.00 ","$45,800.00 ","$61,900.00 ","$108,000.00 ","$141,000.00 "
Ursinus College,Pennsylvania,Northeastern,42100.00,"$80,000.00 ","$35,600.00 ","$54,300.00 ","$100,000.00 ","$160,000.00 "
Adelphi University,New York,Northeastern,40600.00,"$79,200.00 ","$44,200.00 ","$54,800.00 ","$114,000.00 ","$160,000.00 "
Juniata College,Pennsylvania,Northeastern,41800.00,"$78,900.00 ",N/A,"$67,200.00 ","$110,000.00 ",N/A
Fairleigh Dickinson University,New Jersey,Northeastern,45700.00,"$78,700.00 ","$40,200.00 ","$56,300.00 ","$112,000.00 ","$171,000.00 "
University of New Hampshire (UNH),New Hampshire,Northeastern,41800.00,"$78,300.00 ","$41,700.00 ","$56,400.00 ","$114,000.00 ","$147,000.00 "
University of Massachusetts (UMass) - Boston,Massachusetts,Northeastern,45600.00,"$78,200.00 ","$36,300.00 ","$53,800.00 ","$109,000.00 ","$151,000.00 "
State University of New York (SUNY) at Oswego,New York,Northeastern,38000.00,"$77,800.00 ","$40,400.00 ","$53,000.00 ","$115,000.00 ","$169,000.00 "
University of Massachusetts (UMass) - Dartmouth,Massachusetts,Northeastern,43200.00,"$77,700.00 ","$43,300.00 ","$56,200.00 ","$107,000.00 ","$132,000.00 "
State University of New York (SUNY) at Oneonta,New York,Northeastern,37500.00,"$76,700.00 ","$40,000.00 ","$54,300.00 ","$97,700.00 ","$155,000.00 "
Quinnipiac University,Connecticut,Northeastern,43000.00,"$76,500.00 ","$47,900.00 ","$57,400.00 ","$117,000.00 ","$155,000.00 "
State University of New York (SUNY) at Plattsburgh,New York,Northeastern,40800.00,"$76,200.00 ","$38,400.00 ","$54,100.00 ","$105,000.00 ","$136,000.00 "
Sacred Heart University,Connecticut,Northeastern,46000.00,"$75,300.00 ","$39,700.00 ","$54,800.00 ","$105,000.00 ","$150,000.00 "
Skidmore College,New York,Northeastern,41600.00,"$74,600.00 ",N/A,"$42,800.00 ","$147,000.00 ",N/A
Moravian College,Pennsylvania,Northeastern,42500.00,"$74,400.00 ",N/A,"$56,700.00 ","$94,900.00 ",N/A
Penn State - Harrisburg,Pennsylvania,Northeastern,45700.00,"$74,000.00 ","$44,000.00 ","$53,100.00 ","$104,000.00 ","$150,000.00 "
Suffolk University,New York,Northeastern,42100.00,"$74,000.00 ","$48,700.00 ","$57,800.00 ","$95,100.00 ","$145,000.00 "
Fitchburg State College,Massachusetts,Northeastern,42400.00,"$72,600.00 ","$43,300.00 ","$56,100.00 ","$99,600.00 ","$151,000.00 "
Roger Williams University,Rhode Island,Northeastern,42000.00,"$72,300.00 ","$39,800.00 ","$48,500.00 ","$102,000.00 ","$138,000.00 "
University Of Maine,Maine,Northeastern,41200.00,"$72,100.00 ","$41,700.00 ","$55,600.00 ","$99,300.00 ","$141,000.00 "
State University of New York (SUNY) at Potsdam,New York,Northeastern,38000.00,"$70,300.00 ","$35,100.00 ","$51,200.00 ","$100,000.00 ","$179,000.00 "
Niagara University,New York,Northeastern,36900.00,"$69,700.00 ","$44,000.00 ","$57,000.00 ","$92,000.00 ","$128,000.00 "
State University of New York (SUNY) at Fredonia,New York,Northeastern,37800.00,"$66,200.00 ","$32,800.00 ","$44,200.00 ","$93,300.00 ","$181,000.00 "
University of Southern Maine,Maine,Northeastern,39400.00,"$63,600.00 ","$40,400.00 ","$47,900.00 ","$85,700.00 ","$117,000.00 "
Mercy College,Iowa,Northeastern,43700.00,"$62,600.00 ","$35,600.00 ","$47,300.00 ","$99,000.00 ","$134,000.00 "